clip,mode,type,seed_idx,K,frames,full_risk,p95_torque_limit_ratio,action,best_seg_risk,all_seg_risks,path
idle_seed0,idle,static,0,1,150,1.0354809262463154,1.0300271584502152,accept,1.0354809262462776,1.035,/home/rewardai/repos/cs348k/data/guided_ablation_extended/idle_seed0_K1.npy
idle_seed0,idle,static,0,8,150,8.648444615994563,1.280305111134047,repair_or_rerank,8.648444615994563,8.648;8.648;8.648;8.648;8.648;8.648;8.648;8.648,/home/rewardai/repos/cs348k/data/guided_ablation_extended/idle_seed0_K8.npy
idle_seed1,idle,static,1,1,150,8.648444615994563,1.280305111134047,repair_or_rerank,8.648444615994563,8.648,/home/rewardai/repos/cs348k/data/guided_ablation_extended/idle_seed1_K1.npy
idle_seed1,idle,static,1,8,150,8.648444615994563,1.280305111134047,repair_or_rerank,8.648444615994563,8.648;8.648;8.648;8.648;8.648;8.648;8.648;8.648,/home/rewardai/repos/cs348k/data/guided_ablation_extended/idle_seed1_K8.npy
idle_seed2,idle,static,2,1,150,8.648444615994563,1.280305111134047,repair_or_rerank,8.648444615994563,8.648,/home/rewardai/repos/cs348k/data/guided_ablation_extended/idle_seed2_K1.npy
idle_seed2,idle,static,2,8,150,8.648444615994563,1.280305111134047,repair_or_rerank,8.648444615994563,8.648;8.648;8.648;8.648;8.648;8.648;8.648;8.648,/home/rewardai/repos/cs348k/data/guided_ablation_extended/idle_seed2_K8.npy
idle_seed3,idle,static,3,1,150,8.648444615994563,1.280305111134047,repair_or_rerank,8.648444615994563,8.648,/home/rewardai/repos/cs348k/data/guided_ablation_extended/idle_seed3_K1.npy
idle_seed3,idle,static,3,8,150,8.648444615994563,1.280305111134047,repair_or_rerank,8.648444615994563,8.648;8.648;8.648;8.648;8.648;8.648;8.648;8.648,/home/rewardai/repos/cs348k/data/guided_ablation_extended/idle_seed3_K8.npy
idle_seed4,idle,static,4,1,150,8.648444615994563,1.280305111134047,repair_or_rerank,8.648444615994563,8.648,/home/rewardai/repos/cs348k/data/guided_ablation_extended/idle_seed4_K1.npy
idle_seed4,idle,static,4,8,150,8.648444615994563,1.280305111134047,repair_or_rerank,8.648444615994563,8.648;8.648;8.648;8.648;8.648;8.648;8.648;8.648,/home/rewardai/repos/cs348k/data/guided_ablation_extended/idle_seed4_K8.npy
idle_seed5,idle,static,5,1,150,8.648444615994563,1.280305111134047,repair_or_rerank,8.648444615994563,8.648,/home/rewardai/repos/cs348k/data/guided_ablation_extended/idle_seed5_K1.npy
idle_seed5,idle,static,5,8,150,8.648444615994563,1.280305111134047,repair_or_rerank,8.648444615994563,8.648;8.648;8.648;8.648;8.648;8.648;8.648;8.648,/home/rewardai/repos/cs348k/data/guided_ablation_extended/idle_seed5_K8.npy
idle_seed6,idle,static,6,1,150,8.648444615994563,1.280305111134047,repair_or_rerank,8.648444615994563,8.648,/home/rewardai/repos/cs348k/data/guided_ablation_extended/idle_seed6_K1.npy
idle_seed6,idle,static,6,8,150,8.648444615994563,1.280305111134047,repair_or_rerank,8.648444615994563,8.648;8.648;8.648;8.648;8.648;8.648;8.648;8.648,/home/rewardai/repos/cs348k/data/guided_ablation_extended/idle_seed6_K8.npy
walk_seed0,walk,locomotion,0,1,200,32.5007305216861,2.530943860654909,repair_or_rerank,32.50073052168565,32.501,/home/rewardai/repos/cs348k/data/guided_ablation_extended/walk_seed0_K1.npy
walk_seed0,walk,locomotion,0,8,200,0.0,0.8640887496466075,accept,0.0,40.321;0.000;23.844;27.860;13.977;6.238;33.911;24.363,/home/rewardai/repos/cs348k/data/guided_ablation_extended/walk_seed0_K8.npy
walk_seed1,walk,locomotion,1,1,200,2.0783859906526607,1.030068956283063,accept,2.0783859906526003,2.078,/home/rewardai/repos/cs348k/data/guided_ablation_extended/walk_seed1_K1.npy
walk_seed1,walk,locomotion,1,8,200,0.0,0.9081812780852063,accept,0.0,4.895;33.060;0.000;19.014;34.011;1.782;8.406;35.622,/home/rewardai/repos/cs348k/data/guided_ablation_extended/walk_seed1_K8.npy
walk_seed2,walk,locomotion,2,1,200,22.90194683198897,1.9238749167709503,repair_or_rerank,22.90194683198897,22.902,/home/rewardai/repos/cs348k/data/guided_ablation_extended/walk_seed2_K1.npy
walk_seed2,walk,locomotion,2,8,200,15.984970395712365,1.533222994236488,repair_or_rerank,15.984970395712356,32.245;47.948;34.428;18.424;22.991;33.249;15.985;36.128,/home/rewardai/repos/cs348k/data/guided_ablation_extended/walk_seed2_K8.npy
walk_seed3,walk,locomotion,3,1,200,24.952977859096503,2.039984530105215,repair_or_rerank,24.952977859096503,24.953,/home/rewardai/repos/cs348k/data/guided_ablation_extended/walk_seed3_K1.npy
walk_seed3,walk,locomotion,3,8,200,0.0,0.555562331629353,accept,0.0,39.345;0.000;43.673;16.095;0.000;18.110;0.000;31.991,/home/rewardai/repos/cs348k/data/guided_ablation_extended/walk_seed3_K8.npy
walk_seed4,walk,locomotion,4,1,200,4.357669688073175,1.132587511492435,accept,4.3576696880732575,4.358,/home/rewardai/repos/cs348k/data/guided_ablation_extended/walk_seed4_K1.npy
walk_seed4,walk,locomotion,4,8,200,0.0,0.4782973029804719,accept,0.0,22.147;0.000;0.000;2.717;37.357;1.951;36.876;4.207,/home/rewardai/repos/cs348k/data/guided_ablation_extended/walk_seed4_K8.npy
walk_seed5,walk,locomotion,5,1,200,5.95235248227014,1.1810906864901722,accept,5.952352482269924,5.952,/home/rewardai/repos/cs348k/data/guided_ablation_extended/walk_seed5_K1.npy
walk_seed5,walk,locomotion,5,8,200,0.0,0.9313380466316377,accept,0.0,0.000;51.934;39.673;0.000;19.914;0.000;32.718;0.000,/home/rewardai/repos/cs348k/data/guided_ablation_extended/walk_seed5_K8.npy
walk_seed6,walk,locomotion,6,1,200,11.128147913376775,1.3743035356121032,repair_or_rerank,11.128147913376775,11.128,/home/rewardai/repos/cs348k/data/guided_ablation_extended/walk_seed6_K1.npy
walk_seed6,walk,locomotion,6,8,200,0.0,0.5253702111452363,accept,0.0,48.213;0.000;9.563;32.146;3.419;40.848;16.776;24.124,/home/rewardai/repos/cs348k/data/guided_ablation_extended/walk_seed6_K8.npy
slow_walk_seed0,slow_walk,locomotion,0,1,200,14.721976142094496,1.5229174797921243,repair_or_rerank,14.721976142094496,14.722,/home/rewardai/repos/cs348k/data/guided_ablation_extended/slow_walk_seed0_K1.npy
slow_walk_seed0,slow_walk,locomotion,0,8,200,0.0,0.7565515628161945,accept,0.0,22.749;0.000;1.925;22.933;32.577;39.118;36.830;31.933,/home/rewardai/repos/cs348k/data/guided_ablation_extended/slow_walk_seed0_K8.npy
slow_walk_seed1,slow_walk,locomotion,1,1,200,33.51395679822536,2.6052838239615768,repair_or_rerank,33.51395679822536,33.514,/home/rewardai/repos/cs348k/data/guided_ablation_extended/slow_walk_seed1_K1.npy
slow_walk_seed1,slow_walk,locomotion,1,8,200,4.5485198698482545,1.1387802239364364,accept,4.5485198698482545,32.897;34.588;25.220;5.306;4.549;40.406;7.575;16.094,/home/rewardai/repos/cs348k/data/guided_ablation_extended/slow_walk_seed1_K8.npy
slow_walk_seed2,slow_walk,locomotion,2,1,200,9.638970862168474,1.3170562960117689,repair_or_rerank,9.63897086216844,9.639,/home/rewardai/repos/cs348k/data/guided_ablation_extended/slow_walk_seed2_K1.npy
slow_walk_seed2,slow_walk,locomotion,2,8,200,0.0,0.537526747569122,accept,0.0,0.000;27.061;9.108;16.802;25.090;38.193;25.078;15.489,/home/rewardai/repos/cs348k/data/guided_ablation_extended/slow_walk_seed2_K8.npy
slow_walk_seed3,slow_walk,locomotion,3,1,200,3.3039189948914864,1.0989967141562935,accept,3.3039189948914864,3.304,/home/rewardai/repos/cs348k/data/guided_ablation_extended/slow_walk_seed3_K1.npy
slow_walk_seed3,slow_walk,locomotion,3,8,200,15.94194800564365,1.5769367962921352,repair_or_rerank,15.94194800564365,27.068;42.914;15.942;34.217;18.125;21.360;20.773;32.512,/home/rewardai/repos/cs348k/data/guided_ablation_extended/slow_walk_seed3_K8.npy
slow_walk_seed4,slow_walk,locomotion,4,1,200,34.75633240722445,2.692284789222278,repair_or_rerank,34.75633240722445,34.756,/home/rewardai/repos/cs348k/data/guided_ablation_extended/slow_walk_seed4_K1.npy
slow_walk_seed4,slow_walk,locomotion,4,8,200,16.27466735904913,1.5697310813162182,repair_or_rerank,16.274667359048127,23.760;24.892;36.071;34.442;32.268;35.080;16.275;33.244,/home/rewardai/repos/cs348k/data/guided_ablation_extended/slow_walk_seed4_K8.npy
slow_walk_seed5,slow_walk,locomotion,5,1,200,31.233976850374226,2.314302377135318,repair_or_rerank,31.233976850373462,31.234,/home/rewardai/repos/cs348k/data/guided_ablation_extended/slow_walk_seed5_K1.npy
slow_walk_seed5,slow_walk,locomotion,5,8,200,0.0,0.9771503461385309,accept,0.0,0.000;29.484;29.161;0.000;9.981;39.272;30.138;12.966,/home/rewardai/repos/cs348k/data/guided_ablation_extended/slow_walk_seed5_K8.npy
slow_walk_seed6,slow_walk,locomotion,6,1,200,29.165873037161486,2.3009237165598506,repair_or_rerank,29.16587303716102,29.166,/home/rewardai/repos/cs348k/data/guided_ablation_extended/slow_walk_seed6_K1.npy
slow_walk_seed6,slow_walk,locomotion,6,8,200,6.831348102952603,1.2155314327453959,accept,6.831348102952598,38.623;6.831;12.553;19.841;20.745;31.163;14.051;16.124,/home/rewardai/repos/cs348k/data/guided_ablation_extended/slow_walk_seed6_K8.npy
stealth_walk_seed0,stealth_walk,locomotion,0,1,200,42.096194492212916,2.5670878137168387,repair_or_rerank,42.096194492212916,42.096,/home/rewardai/repos/cs348k/data/guided_ablation_extended/stealth_walk_seed0_K1.npy
stealth_walk_seed0,stealth_walk,locomotion,0,8,200,0.0,0.9542380685649016,accept,0.0,39.968;11.083;20.658;0.000;0.000;23.558;0.000;18.783,/home/rewardai/repos/cs348k/data/guided_ablation_extended/stealth_walk_seed0_K8.npy
stealth_walk_seed1,stealth_walk,locomotion,1,1,200,42.5491842171001,3.1858000678068756,repair_or_rerank,42.54918421709904,42.549,/home/rewardai/repos/cs348k/data/guided_ablation_extended/stealth_walk_seed1_K1.npy
stealth_walk_seed1,stealth_walk,locomotion,1,8,200,0.0,0.8779516356322772,accept,0.0,33.110;1.902;23.733;0.000;38.921;27.727;32.142;10.723,/home/rewardai/repos/cs348k/data/guided_ablation_extended/stealth_walk_seed1_K8.npy
stealth_walk_seed2,stealth_walk,locomotion,2,1,200,12.982257606488435,1.449069528399131,repair_or_rerank,12.982257606487877,12.982,/home/rewardai/repos/cs348k/data/guided_ablation_extended/stealth_walk_seed2_K1.npy
stealth_walk_seed2,stealth_walk,locomotion,2,8,200,0.0,0.8536794678604483,accept,0.0,1.673;13.599;0.000;20.747;0.000;1.729;5.861;0.000,/home/rewardai/repos/cs348k/data/guided_ablation_extended/stealth_walk_seed2_K8.npy
stealth_walk_seed3,stealth_walk,locomotion,3,1,200,13.03262545910162,1.318408082062845,repair_or_rerank,13.032625459101617,13.033,/home/rewardai/repos/cs348k/data/guided_ablation_extended/stealth_walk_seed3_K1.npy
stealth_walk_seed3,stealth_walk,locomotion,3,8,200,0.0,0.6481732043460131,accept,0.0,0.226;9.392;16.278;0.000;1.606;11.167;33.066;1.672,/home/rewardai/repos/cs348k/data/guided_ablation_extended/stealth_walk_seed3_K8.npy
stealth_walk_seed4,stealth_walk,locomotion,4,1,200,20.037920934119896,1.7727145692634518,repair_or_rerank,20.037920934119892,20.038,/home/rewardai/repos/cs348k/data/guided_ablation_extended/stealth_walk_seed4_K1.npy
stealth_walk_seed4,stealth_walk,locomotion,4,8,200,0.0,0.8539450818017406,accept,0.0,10.114;23.597;36.100;0.000;0.000;25.673;22.617;40.963,/home/rewardai/repos/cs348k/data/guided_ablation_extended/stealth_walk_seed4_K8.npy
stealth_walk_seed5,stealth_walk,locomotion,5,1,200,14.536064144161578,1.514849536828742,repair_or_rerank,14.53606414416145,14.536,/home/rewardai/repos/cs348k/data/guided_ablation_extended/stealth_walk_seed5_K1.npy
stealth_walk_seed5,stealth_walk,locomotion,5,8,200,0.0,0.845299233471954,accept,0.0,19.439;8.022;10.740;11.218;0.000;5.827;0.000;22.162,/home/rewardai/repos/cs348k/data/guided_ablation_extended/stealth_walk_seed5_K8.npy
stealth_walk_seed6,stealth_walk,locomotion,6,1,200,32.002947844859584,2.1986038622807107,repair_or_rerank,32.002947844859555,32.003,/home/rewardai/repos/cs348k/data/guided_ablation_extended/stealth_walk_seed6_K1.npy
stealth_walk_seed6,stealth_walk,locomotion,6,8,200,0.0,0.9461147014311313,accept,0.0,11.924;35.997;17.469;17.699;17.619;0.000;3.161;0.000,/home/rewardai/repos/cs348k/data/guided_ablation_extended/stealth_walk_seed6_K8.npy
injured_walk_seed0,injured_walk,locomotion,0,1,200,0.0,0.9625313400488462,accept,0.0,0.000,/home/rewardai/repos/cs348k/data/guided_ablation_extended/injured_walk_seed0_K1.npy
injured_walk_seed0,injured_walk,locomotion,0,8,200,0.0,0.9991928430101777,accept,0.0,26.720;8.177;0.000;0.000;0.000;34.815;17.512;17.262,/home/rewardai/repos/cs348k/data/guided_ablation_extended/injured_walk_seed0_K8.npy
injured_walk_seed1,injured_walk,locomotion,1,1,200,21.25769870836347,1.8355842445628985,repair_or_rerank,21.25769870836262,21.258,/home/rewardai/repos/cs348k/data/guided_ablation_extended/injured_walk_seed1_K1.npy
injured_walk_seed1,injured_walk,locomotion,1,8,200,0.0,0.7864507536761941,accept,0.0,7.703;3.677;8.892;0.000;4.604;29.527;23.964;18.085,/home/rewardai/repos/cs348k/data/guided_ablation_extended/injured_walk_seed1_K8.npy
injured_walk_seed2,injured_walk,locomotion,2,1,200,9.204908387017865,1.2833553823434927,repair_or_rerank,9.204908387017865,9.205,/home/rewardai/repos/cs348k/data/guided_ablation_extended/injured_walk_seed2_K1.npy
injured_walk_seed2,injured_walk,locomotion,2,8,200,0.0,0.9026813723328984,accept,0.0,6.182;9.830;0.000;5.405;16.572;12.738;12.172;32.146,/home/rewardai/repos/cs348k/data/guided_ablation_extended/injured_walk_seed2_K8.npy
injured_walk_seed3,injured_walk,locomotion,3,1,200,30.93815929921304,2.086658190880914,repair_or_rerank,30.93815929921304,30.938,/home/rewardai/repos/cs348k/data/guided_ablation_extended/injured_walk_seed3_K1.npy
injured_walk_seed3,injured_walk,locomotion,3,8,200,0.0,0.9225328567498171,accept,0.0,19.752;7.352;10.101;21.627;17.480;30.585;0.000;22.183,/home/rewardai/repos/cs348k/data/guided_ablation_extended/injured_walk_seed3_K8.npy
injured_walk_seed4,injured_walk,locomotion,4,1,200,0.0,0.9232050993537345,accept,0.0,0.000,/home/rewardai/repos/cs348k/data/guided_ablation_extended/injured_walk_seed4_K1.npy
injured_walk_seed4,injured_walk,locomotion,4,8,200,0.0,0.8528579429347343,accept,0.0,0.000;0.000;0.000;8.694;2.436;32.897;43.265;0.000,/home/rewardai/repos/cs348k/data/guided_ablation_extended/injured_walk_seed4_K8.npy
injured_walk_seed5,injured_walk,locomotion,5,1,200,19.37937730667527,1.7396718343250703,repair_or_rerank,19.3793773066749,19.379,/home/rewardai/repos/cs348k/data/guided_ablation_extended/injured_walk_seed5_K1.npy
injured_walk_seed5,injured_walk,locomotion,5,8,200,0.0,0.8592021678806502,accept,0.0,24.629;0.000;20.495;0.000;5.093;0.000;0.000;2.903,/home/rewardai/repos/cs348k/data/guided_ablation_extended/injured_walk_seed5_K8.npy
injured_walk_seed6,injured_walk,locomotion,6,1,200,0.0,0.6061932289911732,accept,0.0,0.000,/home/rewardai/repos/cs348k/data/guided_ablation_extended/injured_walk_seed6_K1.npy
injured_walk_seed6,injured_walk,locomotion,6,8,200,0.0,0.8387698629910697,accept,0.0,0.000;34.574;23.861;0.000;31.588;15.499;0.000;0.000,/home/rewardai/repos/cs348k/data/guided_ablation_extended/injured_walk_seed6_K8.npy
walk_zombie_seed0,walk_zombie,locomotion,0,1,200,23.179231743087463,1.9391772090951611,repair_or_rerank,23.17923174308744,23.179,/home/rewardai/repos/cs348k/data/guided_ablation_extended/walk_zombie_seed0_K1.npy
walk_zombie_seed0,walk_zombie,locomotion,0,8,200,0.0,0.8035473796354742,accept,0.0,28.271;0.000;26.138;33.371;43.515;9.452;5.448;6.995,/home/rewardai/repos/cs348k/data/guided_ablation_extended/walk_zombie_seed0_K8.npy
walk_zombie_seed1,walk_zombie,locomotion,1,1,200,0.0,0.5277306122806646,accept,0.0,0.000,/home/rewardai/repos/cs348k/data/guided_ablation_extended/walk_zombie_seed1_K1.npy
walk_zombie_seed1,walk_zombie,locomotion,1,8,200,0.0,0.9347653069417036,accept,0.0,18.260;22.136;0.000;32.352;0.000;20.275;48.356;56.704,/home/rewardai/repos/cs348k/data/guided_ablation_extended/walk_zombie_seed1_K8.npy
walk_zombie_seed2,walk_zombie,locomotion,2,1,200,2.518773186255377,1.0746176760969306,accept,2.518773186253373,2.519,/home/rewardai/repos/cs348k/data/guided_ablation_extended/walk_zombie_seed2_K1.npy
walk_zombie_seed2,walk_zombie,locomotion,2,8,200,17.751283841173116,1.6606009224194485,repair_or_rerank,17.751283841173116,27.674;33.121;25.969;18.146;25.098;26.741;17.751;32.876,/home/rewardai/repos/cs348k/data/guided_ablation_extended/walk_zombie_seed2_K8.npy
walk_zombie_seed3,walk_zombie,locomotion,3,1,200,28.677212668836994,2.2690220720263943,repair_or_rerank,28.677212668836994,28.677,/home/rewardai/repos/cs348k/data/guided_ablation_extended/walk_zombie_seed3_K1.npy
walk_zombie_seed3,walk_zombie,locomotion,3,8,200,21.651097991064482,1.8563325607373578,repair_or_rerank,21.651097991064482,21.651;33.875;46.797;33.726;39.703;30.778;35.650;43.934,/home/rewardai/repos/cs348k/data/guided_ablation_extended/walk_zombie_seed3_K8.npy
walk_zombie_seed4,walk_zombie,locomotion,4,1,200,41.38629920840647,2.504342449596249,repair_or_rerank,41.38629920840632,41.386,/home/rewardai/repos/cs348k/data/guided_ablation_extended/walk_zombie_seed4_K1.npy
walk_zombie_seed4,walk_zombie,locomotion,4,8,200,7.384024734067534,1.2348779450279679,accept,7.384024734067534,39.256;21.896;25.632;23.541;7.384;35.014;31.919;24.432,/home/rewardai/repos/cs348k/data/guided_ablation_extended/walk_zombie_seed4_K8.npy
walk_zombie_seed5,walk_zombie,locomotion,5,1,200,25.308105036332172,1.8958745937254613,repair_or_rerank,25.30810503633214,25.308,/home/rewardai/repos/cs348k/data/guided_ablation_extended/walk_zombie_seed5_K1.npy
walk_zombie_seed5,walk_zombie,locomotion,5,8,200,0.0,0.931031607112853,accept,0.0,21.805;24.732;31.565;0.000;47.939;23.735;43.821;0.000,/home/rewardai/repos/cs348k/data/guided_ablation_extended/walk_zombie_seed5_K8.npy
walk_zombie_seed6,walk_zombie,locomotion,6,1,200,16.67338811561696,1.6102388428485899,repair_or_rerank,16.67338811561696,16.673,/home/rewardai/repos/cs348k/data/guided_ablation_extended/walk_zombie_seed6_K1.npy
walk_zombie_seed6,walk_zombie,locomotion,6,8,200,0.0,0.9015181541535716,accept,0.0,34.154;0.000;0.000;13.631;0.000;25.875;0.000;49.203,/home/rewardai/repos/cs348k/data/guided_ablation_extended/walk_zombie_seed6_K8.npy
walk_stealth_seed0,walk_stealth,locomotion,0,1,180,26.257464449475325,2.117451557322811,repair_or_rerank,26.257464449475325,26.257,/home/rewardai/repos/cs348k/data/guided_ablation_extended/walk_stealth_seed0_K1.npy
walk_stealth_seed0,walk_stealth,locomotion,0,8,180,1.021478449836365,1.0296151571280416,accept,1.0214784498363425,9.366;25.749;35.663;28.803;28.090;1.021;20.271;7.636,/home/rewardai/repos/cs348k/data/guided_ablation_extended/walk_stealth_seed0_K8.npy
walk_stealth_seed1,walk_stealth,locomotion,1,1,180,37.68314149511097,2.7935548334492033,repair_or_rerank,37.68314149511097,37.683,/home/rewardai/repos/cs348k/data/guided_ablation_extended/walk_stealth_seed1_K1.npy
walk_stealth_seed1,walk_stealth,locomotion,1,8,180,0.0,0.9241771459447781,accept,0.0,0.000;3.951;30.477;0.000;11.683;6.443;36.333;52.755,/home/rewardai/repos/cs348k/data/guided_ablation_extended/walk_stealth_seed1_K8.npy
walk_stealth_seed2,walk_stealth,locomotion,2,1,180,16.057855133310742,1.5821676876077069,repair_or_rerank,16.05785513331068,16.058,/home/rewardai/repos/cs348k/data/guided_ablation_extended/walk_stealth_seed2_K1.npy
walk_stealth_seed2,walk_stealth,locomotion,2,8,180,5.507889783061193,1.1704265786722408,accept,5.507889783061175,5.508;52.223;18.588;37.461;39.210;30.387;29.641;46.317,/home/rewardai/repos/cs348k/data/guided_ablation_extended/walk_stealth_seed2_K8.npy
walk_stealth_seed3,walk_stealth,locomotion,3,1,180,14.941417831753018,1.5324958063310907,repair_or_rerank,14.941417831753009,14.941,/home/rewardai/repos/cs348k/data/guided_ablation_extended/walk_stealth_seed3_K1.npy
walk_stealth_seed3,walk_stealth,locomotion,3,8,180,2.2171760962796667,1.0653974142393794,accept,2.2171760962796667,19.001;20.031;20.324;48.637;31.879;2.217;15.082;52.068,/home/rewardai/repos/cs348k/data/guided_ablation_extended/walk_stealth_seed3_K8.npy
walk_stealth_seed4,walk_stealth,locomotion,4,1,180,0.0,0.3264490852609846,accept,0.0,0.000,/home/rewardai/repos/cs348k/data/guided_ablation_extended/walk_stealth_seed4_K1.npy
walk_stealth_seed4,walk_stealth,locomotion,4,8,180,0.11269434075749092,1.0032250275547374,accept,0.11269434075667753,48.439;0.113;13.146;34.514;10.113;26.587;36.176;4.320,/home/rewardai/repos/cs348k/data/guided_ablation_extended/walk_stealth_seed4_K8.npy
walk_stealth_seed5,walk_stealth,locomotion,5,1,180,35.45844052279726,2.754120904203668,repair_or_rerank,35.45844052279695,35.458,/home/rewardai/repos/cs348k/data/guided_ablation_extended/walk_stealth_seed5_K1.npy
walk_stealth_seed5,walk_stealth,locomotion,5,8,180,0.0,0.7984352853293657,accept,0.0,32.527;23.180;32.643;0.000;14.111;19.828;2.803;0.000,/home/rewardai/repos/cs348k/data/guided_ablation_extended/walk_stealth_seed5_K8.npy
walk_stealth_seed6,walk_stealth,locomotion,6,1,180,24.1594930734295,1.9942563633833303,repair_or_rerank,24.159493073429193,24.159,/home/rewardai/repos/cs348k/data/guided_ablation_extended/walk_stealth_seed6_K1.npy
walk_stealth_seed6,walk_stealth,locomotion,6,8,180,10.133693116815271,1.3358049768560578,repair_or_rerank,10.133693116815225,28.016;10.134;34.156;30.609;42.603;24.603;21.933;32.886,/home/rewardai/repos/cs348k/data/guided_ablation_extended/walk_stealth_seed6_K8.npy
walk_left_seed0,walk_left,locomotion,0,1,180,5.616951604766048,1.1740793770097935,accept,5.616951604766028,5.617,/home/rewardai/repos/cs348k/data/guided_ablation_extended/walk_left_seed0_K1.npy
walk_left_seed0,walk_left,locomotion,0,8,180,0.0,0.9599700360756159,accept,0.0,10.017;0.000;0.000;44.747;0.000;19.462;0.628;2.610,/home/rewardai/repos/cs348k/data/guided_ablation_extended/walk_left_seed0_K8.npy
walk_left_seed1,walk_left,locomotion,1,1,180,5.507169457998194,1.1501160578016303,accept,5.507169457998194,5.507,/home/rewardai/repos/cs348k/data/guided_ablation_extended/walk_left_seed1_K1.npy
walk_left_seed1,walk_left,locomotion,1,8,180,0.0,0.8592980994179948,accept,0.0,30.810;4.689;9.825;0.000;27.560;14.457;13.047;18.747,/home/rewardai/repos/cs348k/data/guided_ablation_extended/walk_left_seed1_K8.npy
walk_left_seed2,walk_left,locomotion,2,1,180,0.0,0.871685319252291,accept,0.0,0.000,/home/rewardai/repos/cs348k/data/guided_ablation_extended/walk_left_seed2_K1.npy
walk_left_seed2,walk_left,locomotion,2,8,180,0.0,0.993909006760564,accept,0.0,6.808;0.000;4.732;3.947;26.532;34.523;39.238;0.000,/home/rewardai/repos/cs348k/data/guided_ablation_extended/walk_left_seed2_K8.npy
walk_left_seed3,walk_left,locomotion,3,1,180,21.278957769334525,1.836699520306615,repair_or_rerank,21.278957769334514,21.279,/home/rewardai/repos/cs348k/data/guided_ablation_extended/walk_left_seed3_K1.npy
walk_left_seed3,walk_left,locomotion,3,8,180,0.0,0.8780982557816378,accept,0.0,17.394;21.543;15.105;23.281;44.558;0.000;10.209;36.050,/home/rewardai/repos/cs348k/data/guided_ablation_extended/walk_left_seed3_K8.npy
walk_left_seed4,walk_left,locomotion,4,1,180,35.44099116758319,2.5058455072829355,repair_or_rerank,35.44099116758299,35.441,/home/rewardai/repos/cs348k/data/guided_ablation_extended/walk_left_seed4_K1.npy
walk_left_seed4,walk_left,locomotion,4,8,180,0.0,0.8749935585815384,accept,0.0,0.000;21.665;20.438;4.072;21.301;15.201;16.008;0.000,/home/rewardai/repos/cs348k/data/guided_ablation_extended/walk_left_seed4_K8.npy
walk_left_seed5,walk_left,locomotion,5,1,180,26.416840514396032,2.063902567458346,repair_or_rerank,26.416840514396032,26.417,/home/rewardai/repos/cs348k/data/guided_ablation_extended/walk_left_seed5_K1.npy
walk_left_seed5,walk_left,locomotion,5,8,180,0.0,0.5920199883290532,accept,0.0,29.979;16.628;0.000;10.808;10.968;12.701;20.040;19.670,/home/rewardai/repos/cs348k/data/guided_ablation_extended/walk_left_seed5_K8.npy
walk_left_seed6,walk_left,locomotion,6,1,180,18.545796839013107,1.6987282955545364,repair_or_rerank,18.545796839013107,18.546,/home/rewardai/repos/cs348k/data/guided_ablation_extended/walk_left_seed6_K1.npy
walk_left_seed6,walk_left,locomotion,6,8,180,0.0,0.9122875272797886,accept,0.0,22.095;12.940;4.008;15.788;20.929;0.000;1.065;7.040,/home/rewardai/repos/cs348k/data/guided_ablation_extended/walk_left_seed6_K8.npy
walk_right_seed0,walk_right,locomotion,0,1,180,29.408428131506454,2.2534912568215333,repair_or_rerank,29.4084281315065,29.408,/home/rewardai/repos/cs348k/data/guided_ablation_extended/walk_right_seed0_K1.npy
walk_right_seed0,walk_right,locomotion,0,8,180,16.02426278517947,1.580649881026489,repair_or_rerank,16.02426278517957,26.177;18.468;34.757;27.515;30.605;16.024;26.806;22.984,/home/rewardai/repos/cs348k/data/guided_ablation_extended/walk_right_seed0_K8.npy
walk_right_seed1,walk_right,locomotion,1,1,180,46.5730945577568,3.2739581089041776,repair_or_rerank,46.5730945577568,46.573,/home/rewardai/repos/cs348k/data/guided_ablation_extended/walk_right_seed1_K1.npy
walk_right_seed1,walk_right,locomotion,1,8,180,0.0,0.949097583978917,accept,0.0,29.859;0.000;14.557;36.600;5.936;6.315;0.000;8.386,/home/rewardai/repos/cs348k/data/guided_ablation_extended/walk_right_seed1_K8.npy
walk_right_seed2,walk_right,locomotion,2,1,180,49.53407234004988,3.6968759340983133,repair_or_rerank,49.53407234004937,49.534,/home/rewardai/repos/cs348k/data/guided_ablation_extended/walk_right_seed2_K1.npy
walk_right_seed2,walk_right,locomotion,2,8,180,0.0,0.9150919499561756,accept,0.0,8.892;2.156;25.095;13.594;5.034;0.000;7.933;29.825,/home/rewardai/repos/cs348k/data/guided_ablation_extended/walk_right_seed2_K8.npy
walk_right_seed3,walk_right,locomotion,3,1,180,9.97359188811378,1.3297085305199856,repair_or_rerank,9.97359188811378,9.974,/home/rewardai/repos/cs348k/data/guided_ablation_extended/walk_right_seed3_K1.npy
walk_right_seed3,walk_right,locomotion,3,8,180,0.0,0.9931075915892275,accept,0.0,0.000;0.000;24.711;0.000;1.661;6.623;23.317;0.000,/home/rewardai/repos/cs348k/data/guided_ablation_extended/walk_right_seed3_K8.npy
walk_right_seed4,walk_right,locomotion,4,1,180,18.73682003728891,1.593682669385319,repair_or_rerank,18.736820037288936,18.737,/home/rewardai/repos/cs348k/data/guided_ablation_extended/walk_right_seed4_K1.npy
walk_right_seed4,walk_right,locomotion,4,8,180,0.0,0.8401696080086253,accept,0.0,27.805;33.567;0.000;36.307;19.236;16.724;37.730;44.794,/home/rewardai/repos/cs348k/data/guided_ablation_extended/walk_right_seed4_K8.npy
walk_right_seed5,walk_right,locomotion,5,1,180,0.0,0.9991928430101777,accept,0.0,0.000,/home/rewardai/repos/cs348k/data/guided_ablation_extended/walk_right_seed5_K1.npy
walk_right_seed5,walk_right,locomotion,5,8,180,0.0,0.9159030538088851,accept,0.0,31.198;9.933;0.000;19.694;15.127;0.000;43.399;21.866,/home/rewardai/repos/cs348k/data/guided_ablation_extended/walk_right_seed5_K8.npy
walk_right_seed6,walk_right,locomotion,6,1,180,0.0,0.9599700360756159,accept,0.0,0.000,/home/rewardai/repos/cs348k/data/guided_ablation_extended/walk_right_seed6_K1.npy
walk_right_seed6,walk_right,locomotion,6,8,180,0.0,0.9600012199190678,accept,0.0,0.000;33.038;8.615;8.787;0.000;0.000;12.263;13.720,/home/rewardai/repos/cs348k/data/guided_ablation_extended/walk_right_seed6_K8.npy
walk_boxing_seed0,walk_boxing,expressive,0,1,180,32.31053959420384,2.5172279447237145,repair_or_rerank,32.31053959420384,32.311,/home/rewardai/repos/cs348k/data/guided_ablation_extended/walk_boxing_seed0_K1.npy
walk_boxing_seed0,walk_boxing,expressive,0,8,180,0.0,0.9598521243257799,accept,0.0,0.000;1.633;55.141;7.629;17.647;12.777;11.712;4.175,/home/rewardai/repos/cs348k/data/guided_ablation_extended/walk_boxing_seed0_K8.npy
walk_boxing_seed1,walk_boxing,expressive,1,1,180,39.15601418378344,2.754022903497199,repair_or_rerank,39.15601418378307,39.156,/home/rewardai/repos/cs348k/data/guided_ablation_extended/walk_boxing_seed1_K1.npy
walk_boxing_seed1,walk_boxing,expressive,1,8,180,1.750315145689139,0.9698333862871913,accept,1.750315145689148,13.788;34.859;29.850;11.910;17.843;1.750;28.879;4.354,/home/rewardai/repos/cs348k/data/guided_ablation_extended/walk_boxing_seed1_K8.npy
walk_boxing_seed2,walk_boxing,expressive,2,1,180,1.5944625818379663,1.0466096903162736,accept,1.5944625818379514,1.594,/home/rewardai/repos/cs348k/data/guided_ablation_extended/walk_boxing_seed2_K1.npy
walk_boxing_seed2,walk_boxing,expressive,2,8,180,0.0,0.9121806925691199,accept,0.0,9.990;0.000;14.503;40.143;41.578;22.115;33.075;27.961,/home/rewardai/repos/cs348k/data/guided_ablation_extended/walk_boxing_seed2_K8.npy
walk_boxing_seed3,walk_boxing,expressive,3,1,180,0.0,0.7827000630254691,accept,0.0,0.000,/home/rewardai/repos/cs348k/data/guided_ablation_extended/walk_boxing_seed3_K1.npy
walk_boxing_seed3,walk_boxing,expressive,3,8,180,0.0,0.7590332316450666,accept,0.0,21.166;20.353;4.128;50.798;18.345;0.000;18.069;26.019,/home/rewardai/repos/cs348k/data/guided_ablation_extended/walk_boxing_seed3_K8.npy
walk_boxing_seed4,walk_boxing,expressive,4,1,180,0.0,0.749039891179958,accept,0.0,0.000,/home/rewardai/repos/cs348k/data/guided_ablation_extended/walk_boxing_seed4_K1.npy
walk_boxing_seed4,walk_boxing,expressive,4,8,180,0.0,0.7635311259610343,accept,0.0,45.518;0.000;17.162;44.674;48.834;0.000;33.301;3.187,/home/rewardai/repos/cs348k/data/guided_ablation_extended/walk_boxing_seed4_K8.npy
walk_boxing_seed5,walk_boxing,expressive,5,1,180,2.739138210118044,1.081404967694705,accept,2.7391382101127904,2.739,/home/rewardai/repos/cs348k/data/guided_ablation_extended/walk_boxing_seed5_K1.npy
walk_boxing_seed5,walk_boxing,expressive,5,8,180,0.0,0.7876968973814537,accept,0.0,22.636;31.927;3.686;0.000;7.643;0.000;2.862;0.000,/home/rewardai/repos/cs348k/data/guided_ablation_extended/walk_boxing_seed5_K8.npy
walk_boxing_seed6,walk_boxing,expressive,6,1,180,20.21527283016096,1.7817200602930017,repair_or_rerank,20.21527283016096,20.215,/home/rewardai/repos/cs348k/data/guided_ablation_extended/walk_boxing_seed6_K1.npy
walk_boxing_seed6,walk_boxing,expressive,6,8,180,0.0,0.9627085357527478,accept,0.0,0.000;21.798;18.378;24.931;32.900;37.560;0.000;16.492,/home/rewardai/repos/cs348k/data/guided_ablation_extended/walk_boxing_seed6_K8.npy
walk_happy_dance_seed0,walk_happy_dance,expressive,0,1,180,0.0,0.7128279515565084,accept,0.0,0.000,/home/rewardai/repos/cs348k/data/guided_ablation_extended/walk_happy_dance_seed0_K1.npy
walk_happy_dance_seed0,walk_happy_dance,expressive,0,8,180,0.0,0.9577580310657499,accept,0.0,14.288;42.083;21.245;52.570;0.000;34.462;22.644;54.568,/home/rewardai/repos/cs348k/data/guided_ablation_extended/walk_happy_dance_seed0_K8.npy
walk_happy_dance_seed1,walk_happy_dance,expressive,1,1,180,7.2750246611675635,1.2024948376992315,accept,7.2750246611675635,7.275,/home/rewardai/repos/cs348k/data/guided_ablation_extended/walk_happy_dance_seed1_K1.npy
walk_happy_dance_seed1,walk_happy_dance,expressive,1,8,180,0.0,0.7466659676893209,accept,0.0,39.945;0.000;14.690;0.000;38.782;3.486;23.043;0.000,/home/rewardai/repos/cs348k/data/guided_ablation_extended/walk_happy_dance_seed1_K8.npy
walk_happy_dance_seed2,walk_happy_dance,expressive,2,1,180,5.224528927915784,1.1609890313505438,accept,5.224528927915784,5.225,/home/rewardai/repos/cs348k/data/guided_ablation_extended/walk_happy_dance_seed2_K1.npy
walk_happy_dance_seed2,walk_happy_dance,expressive,2,8,180,0.0,0.6311899767985785,accept,0.0,18.470;38.860;6.459;17.419;12.782;40.391;12.218;0.000,/home/rewardai/repos/cs348k/data/guided_ablation_extended/walk_happy_dance_seed2_K8.npy
walk_happy_dance_seed3,walk_happy_dance,expressive,3,1,180,17.397851831932197,1.6439164610761876,repair_or_rerank,17.397851831931572,17.398,/home/rewardai/repos/cs348k/data/guided_ablation_extended/walk_happy_dance_seed3_K1.npy
walk_happy_dance_seed3,walk_happy_dance,expressive,3,8,180,0.0,0.9015181541535716,accept,0.0,35.949;0.000;26.953;8.987;25.629;0.000;25.352;9.832,/home/rewardai/repos/cs348k/data/guided_ablation_extended/walk_happy_dance_seed3_K8.npy
walk_happy_dance_seed4,walk_happy_dance,expressive,4,1,180,35.01280278365833,2.5589702442240627,repair_or_rerank,35.01280278365787,35.013,/home/rewardai/repos/cs348k/data/guided_ablation_extended/walk_happy_dance_seed4_K1.npy
walk_happy_dance_seed4,walk_happy_dance,expressive,4,8,180,0.0,0.8153359885535572,accept,0.0,0.000;29.469;0.000;21.040;0.000;4.007;0.035;0.000,/home/rewardai/repos/cs348k/data/guided_ablation_extended/walk_happy_dance_seed4_K8.npy
walk_happy_dance_seed5,walk_happy_dance,expressive,5,1,180,36.60751263721709,2.536106091263124,repair_or_rerank,36.60751263721703,36.608,/home/rewardai/repos/cs348k/data/guided_ablation_extended/walk_happy_dance_seed5_K1.npy
walk_happy_dance_seed5,walk_happy_dance,expressive,5,8,180,4.88536062757768,1.149792776989955,accept,4.88536062757768,32.135;4.994;38.437;10.583;4.885;22.939;18.055;22.307,/home/rewardai/repos/cs348k/data/guided_ablation_extended/walk_happy_dance_seed5_K8.npy
walk_happy_dance_seed6,walk_happy_dance,expressive,6,1,180,17.526916044915982,1.6499896742370272,repair_or_rerank,17.526916044916025,17.527,/home/rewardai/repos/cs348k/data/guided_ablation_extended/walk_happy_dance_seed6_K1.npy
walk_happy_dance_seed6,walk_happy_dance,expressive,6,8,180,0.0,0.7984352853293657,accept,0.0,28.333;5.740;0.000;26.920;5.212;0.000;11.719;3.891,/home/rewardai/repos/cs348k/data/guided_ablation_extended/walk_happy_dance_seed6_K8.npy
walk_gun_seed0,walk_gun,expressive,0,1,180,52.252452006790094,3.2945559614069184,repair_or_rerank,52.252452006784516,52.252,/home/rewardai/repos/cs348k/data/guided_ablation_extended/walk_gun_seed0_K1.npy
walk_gun_seed0,walk_gun,expressive,0,8,180,0.0,0.9628553196880278,accept,0.0,42.275;25.000;23.777;33.909;34.440;0.000;48.151;30.300,/home/rewardai/repos/cs348k/data/guided_ablation_extended/walk_gun_seed0_K8.npy
walk_gun_seed1,walk_gun,expressive,1,1,180,37.29649828071777,2.575548978161199,repair_or_rerank,37.29649828071771,37.296,/home/rewardai/repos/cs348k/data/guided_ablation_extended/walk_gun_seed1_K1.npy
walk_gun_seed1,walk_gun,expressive,1,8,180,3.317069593720002,1.0994097193095567,accept,3.317069593719988,22.185;21.971;19.262;22.007;30.886;25.742;3.317;37.343,/home/rewardai/repos/cs348k/data/guided_ablation_extended/walk_gun_seed1_K8.npy
walk_gun_seed2,walk_gun,expressive,2,1,180,32.56899614070181,2.156719153998037,repair_or_rerank,32.568996140701614,32.569,/home/rewardai/repos/cs348k/data/guided_ablation_extended/walk_gun_seed2_K1.npy
walk_gun_seed2,walk_gun,expressive,2,8,180,5.01595205850549,1.1540908786217883,accept,5.015952058504674,25.222;20.350;37.504;5.016;24.498;21.005;5.589;23.942,/home/rewardai/repos/cs348k/data/guided_ablation_extended/walk_gun_seed2_K8.npy
walk_gun_seed3,walk_gun,expressive,3,1,180,23.214954245822575,1.6851081278735103,repair_or_rerank,23.214954245822575,23.215,/home/rewardai/repos/cs348k/data/guided_ablation_extended/walk_gun_seed3_K1.npy
walk_gun_seed3,walk_gun,expressive,3,8,180,7.267935317531498,1.2307888370895421,accept,7.267935317531498,12.293;33.117;39.774;7.268;35.671;36.077;36.507;28.016,/home/rewardai/repos/cs348k/data/guided_ablation_extended/walk_gun_seed3_K8.npy
walk_gun_seed4,walk_gun,expressive,4,1,180,39.457345619076236,2.516839655514314,repair_or_rerank,39.457345619075795,39.457,/home/rewardai/repos/cs348k/data/guided_ablation_extended/walk_gun_seed4_K1.npy
walk_gun_seed4,walk_gun,expressive,4,8,180,3.1568871473775806,1.0943896117344176,accept,3.1568871473774243,25.648;29.675;21.115;10.670;3.157;14.344;20.760;44.913,/home/rewardai/repos/cs348k/data/guided_ablation_extended/walk_gun_seed4_K8.npy
walk_gun_seed5,walk_gun,expressive,5,1,180,0.0,0.9689047464095761,accept,0.0,0.000,/home/rewardai/repos/cs348k/data/guided_ablation_extended/walk_gun_seed5_K1.npy
walk_gun_seed5,walk_gun,expressive,5,8,180,0.0,0.8640061669667051,accept,0.0,27.781;18.099;7.696;38.060;9.247;0.000;2.115;29.428,/home/rewardai/repos/cs348k/data/guided_ablation_extended/walk_gun_seed5_K8.npy
walk_gun_seed6,walk_gun,expressive,6,1,180,30.101498871361375,2.2700668828984853,repair_or_rerank,30.101498871361315,30.101,/home/rewardai/repos/cs348k/data/guided_ablation_extended/walk_gun_seed6_K1.npy
walk_gun_seed6,walk_gun,expressive,6,8,180,0.0,0.9227743488112085,accept,0.0,20.453;0.727;0.000;12.477;8.890;7.935;24.341;19.794,/home/rewardai/repos/cs348k/data/guided_ablation_extended/walk_gun_seed6_K8.npy
walk_scared_seed0,walk_scared,expressive,0,1,180,25.786314162938364,2.089138611111243,repair_or_rerank,25.78631416293834,25.786,/home/rewardai/repos/cs348k/data/guided_ablation_extended/walk_scared_seed0_K1.npy
walk_scared_seed0,walk_scared,expressive,0,8,180,0.0,0.9598940730928472,accept,0.0,0.000;23.483;13.259;33.373;42.693;28.418;26.904;33.678,/home/rewardai/repos/cs348k/data/guided_ablation_extended/walk_scared_seed0_K8.npy
walk_scared_seed1,walk_scared,expressive,1,1,180,38.574671254268836,2.6857131473035425,repair_or_rerank,38.57467125426888,38.575,/home/rewardai/repos/cs348k/data/guided_ablation_extended/walk_scared_seed1_K1.npy
walk_scared_seed1,walk_scared,expressive,1,8,180,4.002882132176655,1.121164705864392,accept,4.002882132176649,9.053;37.750;29.771;4.003;50.030;17.699;49.257;33.238,/home/rewardai/repos/cs348k/data/guided_ablation_extended/walk_scared_seed1_K8.npy
walk_scared_seed2,walk_scared,expressive,2,1,180,32.367320884655726,2.5213150148450443,repair_or_rerank,32.36732088465587,32.367,/home/rewardai/repos/cs348k/data/guided_ablation_extended/walk_scared_seed2_K1.npy
walk_scared_seed2,walk_scared,expressive,2,8,180,0.0,0.959866178791726,accept,0.0,20.658;29.164;31.326;39.557;35.584;0.000;54.589;38.783,/home/rewardai/repos/cs348k/data/guided_ablation_extended/walk_scared_seed2_K8.npy
walk_scared_seed3,walk_scared,expressive,3,1,180,8.391526662353499,1.2709414240500734,repair_or_rerank,8.391526662353499,8.392,/home/rewardai/repos/cs348k/data/guided_ablation_extended/walk_scared_seed3_K1.npy
walk_scared_seed3,walk_scared,expressive,3,8,180,7.478355068182398,1.2382106183031278,accept,7.478355068182398,7.620;30.349;7.478;50.138;46.892;24.782;8.289;8.896,/home/rewardai/repos/cs348k/data/guided_ablation_extended/walk_scared_seed3_K8.npy
walk_scared_seed4,walk_scared,expressive,4,1,180,7.619456193157931,1.24321249141896,accept,7.619456193156994,7.619,/home/rewardai/repos/cs348k/data/guided_ablation_extended/walk_scared_seed4_K1.npy
walk_scared_seed4,walk_scared,expressive,4,8,180,2.70518600255231,0.987521494816007,accept,2.70518600255231,6.007;10.878;29.772;28.804;14.491;26.758;16.836;2.705,/home/rewardai/repos/cs348k/data/guided_ablation_extended/walk_scared_seed4_K8.npy
walk_scared_seed5,walk_scared,expressive,5,1,180,27.089009566749706,2.1683612586341843,repair_or_rerank,27.089009566749695,27.089,/home/rewardai/repos/cs348k/data/guided_ablation_extended/walk_scared_seed5_K1.npy
walk_scared_seed5,walk_scared,expressive,5,8,180,0.0,0.9086825889665688,accept,0.0,22.814;37.302;28.017;0.000;35.512;7.507;14.975;12.405,/home/rewardai/repos/cs348k/data/guided_ablation_extended/walk_scared_seed5_K8.npy
walk_scared_seed6,walk_scared,expressive,6,1,180,17.216564695760738,1.6354235919674138,repair_or_rerank,17.21656469576312,17.217,/home/rewardai/repos/cs348k/data/guided_ablation_extended/walk_scared_seed6_K1.npy
walk_scared_seed6,walk_scared,expressive,6,8,180,0.0,0.9698333862871913,accept,0.0,13.569;0.000;24.442;35.257;38.870;38.180;25.721;44.303,/home/rewardai/repos/cs348k/data/guided_ablation_extended/walk_scared_seed6_K8.npy
hand_crawling_seed0,hand_crawling,whole_body,0,1,150,146.50820354787137,11.655891691745902,reject_or_regenerate,146.50820354787137,146.508,/home/rewardai/repos/cs348k/data/guided_ablation_extended/hand_crawling_seed0_K1.npy
hand_crawling_seed0,hand_crawling,whole_body,0,8,150,134.9306814632217,9.726042965980348,reject_or_regenerate,134.93068146322162,134.931;185.554;149.717;158.037;142.622;173.081;158.320;145.762,/home/rewardai/repos/cs348k/data/guided_ablation_extended/hand_crawling_seed0_K8.npy
hand_crawling_seed1,hand_crawling,whole_body,1,1,150,166.9842603742645,20.38600555640038,reject_or_regenerate,166.98426037426447,166.984,/home/rewardai/repos/cs348k/data/guided_ablation_extended/hand_crawling_seed1_K1.npy
hand_crawling_seed1,hand_crawling,whole_body,1,8,150,111.03736634530459,6.451476367819786,reject_or_regenerate,111.03736634530456,169.837;205.199;111.037;159.923;168.859;193.484;160.844;154.311,/home/rewardai/repos/cs348k/data/guided_ablation_extended/hand_crawling_seed1_K8.npy
hand_crawling_seed2,hand_crawling,whole_body,2,1,150,156.7828463564582,16.209688253575184,reject_or_regenerate,156.7828463564582,156.783,/home/rewardai/repos/cs348k/data/guided_ablation_extended/hand_crawling_seed2_K1.npy
hand_crawling_seed2,hand_crawling,whole_body,2,8,150,122.19703175328081,8.854397494497961,reject_or_regenerate,122.19703175328068,152.473;158.105;147.456;181.332;148.865;195.753;122.197;156.665,/home/rewardai/repos/cs348k/data/guided_ablation_extended/hand_crawling_seed2_K8.npy
hand_crawling_seed3,hand_crawling,whole_body,3,1,150,153.0651268798641,13.228339366505073,reject_or_regenerate,153.06512687986358,153.065,/home/rewardai/repos/cs348k/data/guided_ablation_extended/hand_crawling_seed3_K1.npy
hand_crawling_seed3,hand_crawling,whole_body,3,8,150,154.31906655550378,13.300862215317865,reject_or_regenerate,154.31906655550378,158.913;185.150;167.174;154.319;180.602;166.939;169.684;162.246,/home/rewardai/repos/cs348k/data/guided_ablation_extended/hand_crawling_seed3_K8.npy
hand_crawling_seed4,hand_crawling,whole_body,4,1,150,169.3240345120892,15.056322636198827,reject_or_regenerate,169.32403451208913,169.324,/home/rewardai/repos/cs348k/data/guided_ablation_extended/hand_crawling_seed4_K1.npy
hand_crawling_seed4,hand_crawling,whole_body,4,8,150,133.25479867313706,8.982012763152392,reject_or_regenerate,133.25479867313706,150.938;149.515;186.330;146.803;133.255;161.070;156.095;184.180,/home/rewardai/repos/cs348k/data/guided_ablation_extended/hand_crawling_seed4_K8.npy
hand_crawling_seed5,hand_crawling,whole_body,5,1,150,154.25895270721492,13.000265421843318,reject_or_regenerate,154.25895270721486,154.259,/home/rewardai/repos/cs348k/data/guided_ablation_extended/hand_crawling_seed5_K1.npy
hand_crawling_seed5,hand_crawling,whole_body,5,8,150,152.79983369075154,12.070965195400545,reject_or_regenerate,152.79983369075154,171.676;177.356;190.082;164.501;159.492;160.615;168.495;152.800,/home/rewardai/repos/cs348k/data/guided_ablation_extended/hand_crawling_seed5_K8.npy
hand_crawling_seed6,hand_crawling,whole_body,6,1,150,156.84109806860374,12.813559720769147,reject_or_regenerate,156.84109806860369,156.841,/home/rewardai/repos/cs348k/data/guided_ablation_extended/hand_crawling_seed6_K1.npy
hand_crawling_seed6,hand_crawling,whole_body,6,8,150,129.3558882156272,7.536806331906987,reject_or_regenerate,129.3558882156272,171.934;141.613;159.848;129.356;150.452;188.780;138.839;163.777,/home/rewardai/repos/cs348k/data/guided_ablation_extended/hand_crawling_seed6_K8.npy
elbow_crawling_seed0,elbow_crawling,whole_body,0,1,150,26.112516059170392,1.991794779756911,repair_or_rerank,26.112516059170392,26.113,/home/rewardai/repos/cs348k/data/guided_ablation_extended/elbow_crawling_seed0_K1.npy
elbow_crawling_seed0,elbow_crawling,whole_body,0,8,150,38.41847707617087,2.899978842209414,repair_or_rerank,38.41847707617033,98.310;142.260;38.418;105.535;109.400;76.808;170.776;80.855,/home/rewardai/repos/cs348k/data/guided_ablation_extended/elbow_crawling_seed0_K8.npy
elbow_crawling_seed1,elbow_crawling,whole_body,1,1,150,194.43238348507901,26.59350166761169,reject_or_regenerate,194.432383485079,194.432,/home/rewardai/repos/cs348k/data/guided_ablation_extended/elbow_crawling_seed1_K1.npy
elbow_crawling_seed1,elbow_crawling,whole_body,1,8,150,27.729891324598654,1.044318501618589,repair_or_rerank,27.729891324597915,135.955;156.828;101.152;85.518;134.190;27.730;35.820;145.683,/home/rewardai/repos/cs348k/data/guided_ablation_extended/elbow_crawling_seed1_K8.npy
elbow_crawling_seed2,elbow_crawling,whole_body,2,1,150,66.87776795851428,5.689653313144982,reject_or_regenerate,66.8777679585142,66.878,/home/rewardai/repos/cs348k/data/guided_ablation_extended/elbow_crawling_seed2_K1.npy
elbow_crawling_seed2,elbow_crawling,whole_body,2,8,150,68.5224969712427,6.137750131819079,reject_or_regenerate,68.52249697124269,122.196;103.663;134.376;118.512;121.325;154.920;68.522;156.778,/home/rewardai/repos/cs348k/data/guided_ablation_extended/elbow_crawling_seed2_K8.npy
elbow_crawling_seed3,elbow_crawling,whole_body,3,1,150,198.87166788797472,31.204286714921526,reject_or_regenerate,198.87166788797458,198.872,/home/rewardai/repos/cs348k/data/guided_ablation_extended/elbow_crawling_seed3_K1.npy
elbow_crawling_seed3,elbow_crawling,whole_body,3,8,150,8.7091589718047,1.2825279785779282,repair_or_rerank,8.7091589718047,144.496;36.484;175.637;174.594;75.607;40.723;108.820;8.709,/home/rewardai/repos/cs348k/data/guided_ablation_extended/elbow_crawling_seed3_K8.npy
elbow_crawling_seed4,elbow_crawling,whole_body,4,1,150,97.03694734366684,6.136753604783822,reject_or_regenerate,97.03694734366684,97.037,/home/rewardai/repos/cs348k/data/guided_ablation_extended/elbow_crawling_seed4_K1.npy
elbow_crawling_seed4,elbow_crawling,whole_body,4,8,150,34.837392770673716,2.157388328835235,repair_or_rerank,34.837392770673716,150.705;130.753;119.165;34.837;97.211;113.705;169.532;36.257,/home/rewardai/repos/cs348k/data/guided_ablation_extended/elbow_crawling_seed4_K8.npy
elbow_crawling_seed5,elbow_crawling,whole_body,5,1,150,162.409351483061,33.44321976595683,reject_or_regenerate,162.40935148306096,162.409,/home/rewardai/repos/cs348k/data/guided_ablation_extended/elbow_crawling_seed5_K1.npy
elbow_crawling_seed5,elbow_crawling,whole_body,5,8,150,68.4524023302826,5.463780121555434,reject_or_regenerate,68.45240233028262,68.452;149.442;118.018;70.967;207.866;133.196;71.309;153.080,/home/rewardai/repos/cs348k/data/guided_ablation_extended/elbow_crawling_seed5_K8.npy
elbow_crawling_seed6,elbow_crawling,whole_body,6,1,150,141.98154902976822,17.074652074606988,reject_or_regenerate,141.98154902976816,141.982,/home/rewardai/repos/cs348k/data/guided_ablation_extended/elbow_crawling_seed6_K1.npy
elbow_crawling_seed6,elbow_crawling,whole_body,6,8,150,0.0,0.8732290791595706,accept,0.0,162.160;245.777;135.527;124.768;172.323;0.000;83.585;83.029,/home/rewardai/repos/cs348k/data/guided_ablation_extended/elbow_crawling_seed6_K8.npy
